# Collective pitch grip bearing options - SYNTHETIC, GENERATED BY cad/tools/make-aerial-geometry.py
#
# NOT a manufacturer's catalogue. These are the common metric deep-groove sizes with an
# 8 mm bore, which is what the brief's shank diameter fixes. Confirm dimensions and
# load ratings against SKF/NSK/NMB data before committing.
#
# From the brief: shank 8 mm, TWO bearing bores per grip, pitch horn offset 6 mm,
#   collar travel +/-4 mm, pitch range +/-25 deg about the r/R = 0.75 setting.
#
# The bore is set by the shank, so the choice is really outer diameter and width - i.e. how
# much hub the grip needs. Two bearings per grip spaced apart is what reacts the blade's
# bending moment; a single bearing would let the blade cock under load.
# GEOMETRY CHECK the brief actually asks for: sweep collar_z over its +/-4 mm and confirm
# the full +/-25 deg is reached with no link-to-hub interference at either stop. That is a
# kinematic check on the assembly, not something this table can answer.
# All mm.
#
# FRAME  hub front face Z=0, thrust +Z, omega +Z right-hand. See cad/aerial_cad.md Conventions.
# UNITS  mm, degrees. r_R = r/R. c_D = c/D. See cad/CONVENTIONS.md.
# PITCH  FACE pitch (flat-bottom datum, = APC 'quoted'). beta = atan(P/(2*pi*r)).
# AXIS   generator line at the LEADING EDGE (aerial) - APC define sweep and rake that way.
# RAKE   generator-line rake ONLY - skew-induced rake NOT included; add it when placing.
# WIRE   seam at TE, constant point count, CCW seen from +Z. Sharp TE - no marine floor.
designation,bore_mm,outer_dia_mm,width_mm,note
MR128,8.000000,12.000000,3.500000,thin-section, lightest
688,8.000000,16.000000,5.000000,wider race, higher radial capacity
608,8.000000,22.000000,7.000000,standard skate bearing, heaviest
