# CPP palm-bore O-ring groove dimensions - SYNTHETIC, GENERATED BY cad/tools/make-geometry.py
#
# NOT transcribed from ISO 3601-2 or the Parker O-Ring Handbook (ORD-5700). Those are the
# authoritative sources and are not freely available; consult them before cutting metal.
#
# WHAT THIS IS: the standard design RATIOS applied to common cord diameters, which is the
# method those standards encode - not a copy of their tables.
#   groove depth = cord x (1 - squeeze), squeeze = 20%  (static seals run 15-25%)
#   groove width = cord x 1.3   (room for the ring to roll and for thermal expansion)
#   corner radius = cord x 0.1
# Cord diameters listed are the common AS568 sizes in mm.
#
# WHY IT MATTERS HERE: the CPP hub has a palm bore per blade and the blades rotate in service,
# so this is a DYNAMIC rotary application, not static. Rotary seals want lower squeeze and
# tighter surface finish than the ratios above - treat this table as the starting point for a
# static check and size the running seal properly.
#
# All lengths mm.
#
# FRAME  hub front face Z=0, thrust +Z, omega +Z right-hand. See cad/underwater_cad.md Conventions.
# UNITS  mm, degrees. r_R = r/R. c_D = c/D. See cad/CONVENTIONS.md.
# PITCH  FACE pitch (pitch line through the PRESSURE side). beta = atan(P/(2*pi*r)).
# AXIS   generator line at 50% chord (marine); sections placed and rotated about it.
# RAKE   generator-line rake ONLY - skew-induced rake NOT included; add it when placing.
# WIRE   seam at TE, constant point count, CCW seen from +Z. See Modelling notes.
cord_dia_mm,squeeze_frac,groove_depth_mm,groove_width_mm,corner_r_mm,depth_ratio
1.780000,0.200000,1.424000,2.314000,0.178000,0.800000
2.620000,0.200000,2.096000,3.406000,0.262000,0.800000
3.530000,0.200000,2.824000,4.589000,0.353000,0.800000
5.330000,0.200000,4.264000,6.929000,0.533000,0.800000
6.990000,0.200000,5.592000,9.087000,0.699000,0.800000
