# Folding blade hinge pin fits - SYNTHETIC, GENERATED BY cad/tools/make-aerial-geometry.py
#
# NOT transcribed from ISO 286. Those tolerance tables are the authoritative source and are
# not free; these are the standard running-clearance CLASSES with representative clearances
# for a 3 mm pin. Check against ISO 286-2 before cutting metal.
#
# WHY IT MATTERS: the brief says "the pin bore is a clearance fit on the pin". A nominal
# 3 mm bore on a 3 mm pin does not turn - it is a line-to-line fit. The blade must
# swing freely through 175 deg under its own inertia, so pick a running class.
#
# The brief's real constraint is elsewhere and no fit table fixes it: the blade's CENTRE OF
# MASS must sit outboard of the hinge pin, so spinning up deploys the blade and holds it
# against the stop. Get that wrong and the prop never opens, whatever the fit.
# Hinge offset 10 mm from the rotation axis, root tang 3 mm thick. All mm.
fit_class,pin_dia_mm,bore_min_mm,bore_max_mm,clearance_min_mm,clearance_max_mm,note
H7/g6 close running,3.000000,3.006000,3.020000,0.006000,0.020000,preferred for a fold hinge
H7/f7 free running,3.000000,3.016000,3.041000,0.016000,0.041000,if grit ingress is likely
H8/d9 loose running,3.000000,3.040000,3.092000,0.040000,0.092000,only if the pin is retained axially
